<?xml version="1.0" encoding="UTF-8"?>
<widget>
<info>
<PluginName>Facebook Like</PluginName>
<PluginVersion>2.0.1</PluginVersion>
<ApplicationVersion>1.8.2</ApplicationVersion>
</info>
<dict>
<item><key>Plugin Name</key><string>Facebook Like</string></item>
<item><key>DefaultWidth</key><integer>225</integer></item>
<item><key>DefaultHeight</key><integer>40</integer></item>
<item><key>HTMLCode</key><string>
<![CDATA[ <iframe src="https://www.facebook.com/plugins/like.php?href={!-plyfbFacebookTestURL-!}&amp;layout={!-plyfbFacebookLayout-!}&amp;action={!-plyfbFacebookActionType-!}&amp;show_faces={!-plyfbFacebookShowFriends-!}&amp;share={!-plyfbFacebookShare-!}" scrolling="no" style="box-sizing:border-box;overflow:hidden;width:{!-$WIDTH-!}px;height:{!-$HEIGHT-!}px;padding:{!-fbsbPadding-!}px;border:{!-fbsbBorderWidth-!}px solid {!-fbsbBorderColor-!};border-radius:{!-fbsbBorderRadius-!}px;box-shadow:0 0 {!-fbsbShadowRadius-!}px {!-fbsbShadowColor-!}" allowTransparency="true"></iframe> ]]></string></item>
</dict>
<options>
<option>
<displayName>Webpage Address</displayName>
<optionName>plyfbFacebookTestURL</optionName>
<ControlWidth>250</ControlWidth>
<defaultValue>http://www.ragesw.com</defaultValue>
<OnNewLine>TRUE</OnNewLine>
<optionDescription>Facebook URL</optionDescription>
<controlType>1</controlType>
<textFieldMaxLength>0</textFieldMaxLength>
<Value>**N/A**</Value>
<processingCode><![CDATA[
dim Value, name As String
Dim rowText As String
name=Input("dictVariableName")
value=Input("dictVariableValue")
rowText=Input("dictcode")
if value.instr("://") = 0 then
//add our http://
value = "http://" + value
end
print rowText.Replace("{!-"+name+"-!}",value)]]></processingCode></option>
<option><optionName>plyfbFacebookLayout</optionName><displayName>Layout:</displayName><defaultValue>standard</defaultValue><optionDescription>standard|box_count|button_count|button</optionDescription><controlType>3</controlType><ControlWidth>100</ControlWidth><value>**N/A**</value></option>

<option><optionName>plyfbFacebookActionType</optionName><displayName>Action:</displayName><defaultValue>like</defaultValue><optionDescription>like|recommend</optionDescription><controlType>3</controlType><ControlWidth>100</ControlWidth><value>**N/A**</value></option>
  	
<option><optionName>plyfbFacebookShowFriends</optionName><displayName>Show Friends' Face</displayName><defaultValue>TRUE</defaultValue><optionDescription>Show thumbnails of friends who have liked this page</optionDescription><controlType>4</controlType><ControlWidth>200</ControlWidth><value>**N/A**</value></option>
  	
<option><optionName>plyfbFacebookShare</optionName><displayName>Include Share Button</displayName><defaultValue>FALSE</defaultValue><optionDescription>Include a share button</optionDescription><controlType>4</controlType><ControlWidth>200</ControlWidth><value>**N/A**</value></option>
         
<option><displayName>Description</displayName><optionName>fbsbDescription</optionName><ControlWidth>240</ControlWidth><controlType>7</controlType><Value></Value><defaultValue>Adjust the size using the drag handles or the Metrics inspector and set the padding border, corner radius and box shadow if required.</defaultValue></option>

<option><displayName>Padding:</displayName><isBold>TRUE</isBold><optionName>fbsbPadding</optionName><defaultValue>5</defaultValue><controlType>1</controlType><minValue>0</minValue><controlMask>######</controlMask><ControlWidth>30</ControlWidth><value><![CDATA[24]]></value></option>

<option><displayName>Border Width:</displayName><isBold>TRUE</isBold><optionName>fbsbBorderWidth</optionName><defaultValue>0</defaultValue><controlType>1</controlType><minValue>0</minValue><controlMask>######</controlMask><ControlWidth>30</ControlWidth><value><![CDATA[24]]></value></option>

<option><optionName>fbsbBorderColor</optionName><displayName>Border Color:</displayName><isBold>TRUE</isBold><defaultValue>#000000</defaultValue><optionDescription>Border Color</optionDescription><controlType>5</controlType><ControlWidth>100</ControlWidth><value>**N/A**</value></option>

<option><optionName>fbsbBorderRadius</optionName><displayName>Corner Radius:</displayName><isBold>TRUE</isBold><defaultValue>0</defaultValue><optionDescription>Radius</optionDescription><controlType>2</controlType><ControlWidth>115</ControlWidth><maxValue>20</maxValue><minValue>0</minValue><value>**N/A**</value></option>

<option><optionName>fbsbShadowColor</optionName><displayName>Shadow Color:</displayName><isBold>TRUE</isBold><defaultValue>#888888</defaultValue><optionDescription>Border Color</optionDescription><controlType>5</controlType><ControlWidth>100</ControlWidth><value>**N/A**</value></option>

<option><optionName>fbsbShadowRadius</optionName><displayName>Shadow Radius:</displayName><isBold>TRUE</isBold><defaultValue>0</defaultValue><optionDescription>Radius</optionDescription><controlType>2</controlType><ControlWidth>115</ControlWidth><maxValue>20</maxValue><minValue>0</minValue><value>**N/A**</value></option>

</options>


</widget>