<?xml version="1.0" encoding="UTF-8"?>
<widget>
<info>

	<PluginName>Google Plus</PluginName>
	<PluginVersion>1.0.0</PluginVersion>
	<ApplicationVersion>1.0.0</ApplicationVersion>
</info>

<dict>
<item>
	<key>Plugin Name</key>
	<string>Google Plus</string>
</item>
<item>	
	<key>DefaultWidth</key>
	<integer>40</integer>
</item>
<item>	
	<key>DefaultHeight</key>
	<integer>30</integer>
</item>	
<item>	
	<key>MinWidth</key>
	<integer>40</integer>
</item>
<item>	
	<key>MinHeight</key>
	<integer>30</integer>
</item>
<item>
	<key>HTMLCode</key>
	<string>&lt;!-- Place this tag where you want the +1 button to render. --&gt;
&lt;div class=&quot;g-plusone&quot; data-annotation=&quot;none&quot; data-href=&quot;{!-googleplusURL-!}&quot;&gt;&lt;/div&gt;

&lt;!-- Place this tag after the last +1 button tag. --&gt;
&lt;script type=&quot;text/javascript&quot;&gt;
  (function() {
    var po = document.createElement(&#39;script&#39;); po.type = &#39;text/javascript&#39;; po.async = true;
    po.src = &#39;https://apis.google.com/js/plusone.js&#39;;
    var s = document.getElementsByTagName(&#39;script&#39;)[0]; s.parentNode.insertBefore(po, s);
  })();
&lt;/script&gt;</string>
</item>

<item>	
<key>HTML Code</key>
	<array>
		<string>facebooklike.html</string>
	</array>
</item>

</dict>


<options>

   
    <option>
    <displayName>URL to +1</displayName>
    <optionName>googleplusURL</optionName>
    <ControlWidth>250</ControlWidth>
    <defaultValue></defaultValue>
    <OnNewLine>TRUE</OnNewLine>
    <optionDescription>URL to +1</optionDescription>
    <controlType>1</controlType>
    <textFieldMaxLength>0</textFieldMaxLength>
    <defaultValue>http://www.domain.com</defaultValue>
    <Value>**N/A**</Value>
    
    </option>

</options>


</widget>