<?xml version="1.0" encoding="UTF-8"?>
<widget>
<info>

	<PluginName>Responsive Image Gallery</PluginName>
	<PluginVersion>1.1.0</PluginVersion>
	<ApplicationVersion>2.7.9</ApplicationVersion>
</info>

<dict>
<item>
	<key>Plugin Name</key>
	<string>Responsive Image Gallery</string>
</item>
<item>
	<key>FullWidth</key>
	<boolean>TRUE</boolean>
</item>
<item>	
	<key>DefaultWidth</key>
	<integer>560</integer>
</item>
<item>	
	<key>DefaultHeight</key>
	<integer>315</integer>
</item>
<item>	
	<key>useJQuery</key>
	<boolean>TRUE</boolean>
</item>
<item>	
	<key>AdjustToHeightWidth</key>
	<boolean>TRUE</boolean>
</item>

<item>
	<key>HeadCode</key>
	<string>
	<![CDATA[
	<style>
		div#ew-responsive-image-gallery_{!-SHAPEINDEX-!} *  {
			box-sizing: border-box;
		}

		div#ew-responsive-image-gallery_{!-SHAPEINDEX-!} {
			margin: 0;
			padding: 0 {!-plrigControlPadding-!}px 0 {!-plrigControlPadding-!}px;
		}
		div#ew-responsive-image-gallery_{!-SHAPEINDEX-!} div.rig-img-container img {
			
			vertical-align: middle;
			width: 100%; 
			{!-plrigGalleryStyle(Masonry)//height: auto;//plrigGalleryStyle-!}
			{!-plrigGalleryStyle(!Masonry)//height: 100%;//plrigGalleryStyle-!}
			{!-plrigGalleryStyle(!Masonry)//{!-plrigGalleryStyle-!}//plrigGalleryStyle-!}
			{--IMAGE-SHADOW--}	
		}

		div#ew-responsive-image-gallery_{!-SHAPEINDEX-!} div.column {
			padding: 0 0;
			}
			
			
		div#ew-responsive-image-gallery_{!-SHAPEINDEX-!} div.row div.rig-img-container {
			{!-plrigGalleryStyle(!Masonry)//height: 100%;//plrigGalleryStyle-!}
			padding: {!-plrigImageSpacing-!}px;
			text-align: center;
		}
		
		p.ew-caption-settings-{!-SHAPEINDEX-!} {
			font-family: {!-%fontfamilycss-!};
			font-size: {!-%fontsize-!}px;
			
		}
		div#ew-responsive-image-gallery_{!-SHAPEINDEX-!} div.ew-caption {
			display:none;
		}
		
		
		{!-plrigGalleryStyle(Masonry)//
		
			div#ew-responsive-image-gallery_{!-SHAPEINDEX-!} .row {
				display: -ms-flexbox; /* IE10 */
				display: flex;
				flex-direction: row;
				-ms-flex-wrap: wrap; /* IE10 */
				flex-wrap: wrap;
			
			}
		
			{!-plgrMasonryStyleInfo-!}
			
		//plrigGalleryStyle-!}
		
		{!-plrigGalleryStyle(!Masonry)//
		
			div#ew-responsive-image-gallery_{!-SHAPEINDEX-!} { 
			  display: -ms-flexbox;
			  display: -webkit-box;
			  display: flex;
  
			  -ms-flex-wrap: wrap;
			  -ms-flex-direction: row;
			  -webkit-flex-flow: row wrap; 
			  flex-flow: row wrap; 
 
			}
			div#ew-responsive-image-gallery_{!-SHAPEINDEX-!} div.row { 
			  -webkit-box-flex: auto;
			  -ms-flex: auto;
			  flex: auto;
			  width: {!-plrigGalleryColumns-!};
			  min-width:{!-plrigMinImageWidth-!}px; 
			}			
		//plrigGalleryStyle-!}
		
    </style>
    {!-plrigClickToOpenSlideshow(TRUE)//<script type="text/javascript">
        $(document).ready(function(){
            $('#ew-responsive-image-gallery_{!-SHAPEINDEX-!}').lightGallery({
            	selector: '.ewi-item{!-SHAPEINDEX-!}',
            	subHtmlSelectorRelative: true,
            	autoplay: {!-plrigAutoPlay-!},
            	pause: {!-plrigSlideShowSpeed-!},
            	mode: 'lg-{!-plrigTransition-!}',
            	speed: {!-plrigTransitionSpeed-!},
            	counter: {!-plrigShowCounter-!},
            	thumbnail: {!-plrigShowThumbnails-!},
            	controls: {!-plrigShowImageNav-!},
            	download: {!-plrigShowDownload-!},
            	share: {!-plrigShowShowShare-!}

            });
        });
     </script>//plrigClickToOpenSlideshow-!}
	]]>
	
	</string>
</item>


<item>
	<key>HTMLCode</key>
	<string>
	<![CDATA[
	<!--{!-$width-!}-->
	<div id="ew-responsive-image-gallery_{!-SHAPEINDEX-!}">

	<!-- Photo Grid -->
		{!-plrigGalleryStyle(Masonry)//<div class="row">//plrigGalleryStyle-!}
			{@-plytAssetsList//
			{!-plytAssetsList-!}
			//plytAssetsList-@}
		{!-plrigGalleryStyle(Masonry)//</div>//plrigGalleryStyle-!}
	</div>

]]>
	</string>
</item>

<item>
	<key>FooterCode</key>
	<string></string>
</item>

<item>
	<key>Javascript</key>
	<array>
	<string>lightgallery-all.min.js</string>
	<string>picturefill.min.js</string>
	<string>jquery.mousewheel.min.js</string>
	</array>
</item>

<item>
	<key>StyleSheets</key>
	<array>
	<string>lightgallery.min.css</string>
	<string>lg-transitions.min.css</string>
	<string>lg.woff</string>
	<string>lg.ttf</string>
	<string>lg.svg</string>
	<string>lg.eot</string>
	<string>ewigloading.gif</string>
	</array>
</item>

</dict>

<options>
	 <option>
			  <displayName>Responsive Image Gallery</displayName>
			  <optionName>plrigMainLabel</optionName>
			  <defaultValue></defaultValue>
			  <controlType>7</controlType>
			  <controlWidth>200</controlWidth>
			  <isBold>TRUE</isBold>
			  <value><![CDATA[Responsive Image Gallery]]></value>
  			<defaultValue><![CDATA[Responsive Image Gallery]]></defaultValue>
	</option>
   
    <option>
  		<optionName>plrigControlPadding</optionName>
  		<displayName>Gallery Padding:</displayName>
  		<defaultValue>4</defaultValue>
  		<optionDescription>Spacing around entire gallery</optionDescription>
  		<controlType>2</controlType>
  		<maxValue>200</maxValue>
  		<minValue>0</minValue>
  		 <controlType>1</controlType>
		<textFieldMaxLength>3</textFieldMaxLength>
		<controlMask>###</controlMask>
		<Value>**N/A**</Value>  
  		<ControlWidth>100</ControlWidth>

  		
  	</option>
   
   
     <option>
  		<optionName>plrigImageSpacing</optionName>
  		<displayName>Image Spacing:</displayName>
  		<defaultValue>4</defaultValue>
  		<optionDescription>Spacing around image</optionDescription>
  		<controlType>2</controlType>
  		<maxValue>30</maxValue>
  		<minValue>0</minValue>
  		 <controlType>1</controlType>
		<textFieldMaxLength>2</textFieldMaxLength>
		<controlMask>##</controlMask>
		<Value>**N/A**</Value>  
  		<ControlWidth>100</ControlWidth>
		
  		
  	</option>
  	
  	
  	  
  	
  	<option>
  		<optionName>plrigGalleryStyle</optionName>
  		<displayName>Style:</displayName>
  		<defaultValue>Cover</defaultValue>
  		<optionDescription>Contain|Cover|Fill|Masonry|Scale Down|Actual Size</optionDescription>
  		<controlType>3</controlType>
		<ControlWidth>100</ControlWidth>
		<Value>**N/A**</Value>
		<Event_UserSelected>
		<![CDATA[
		//disable our listbox depending on which control we have


		Dim strStyle As String = GetControlPropertyValue("plrigGalleryStyle","text")


		Select case strStyle
		Case "Masonry"

			SetControlEnable("plrigMinImageWidth", False)
			SetControlEnable("plrigGalleryColumns", False)

		else
			SetControlEnable("plrigMinImageWidth", TRUE)
			SetControlEnable("plrigGalleryColumns", TRUE)
			

	

		End select
				
				]]>
		
		</Event_UserSelected>
		<Event_Open>
		<![CDATA[
		//disable our listbox depending on which control we have


		Dim strStyle As String = GetControlPropertyValue("plrigGalleryStyle","text")


		Select case strStyle
		Case "Masonry"

			SetControlEnable("plrigMinImageWidth", False)
			SetControlEnable("plrigGalleryColumns", False)

		else
			SetControlEnable("plrigMinImageWidth", TRUE)
			SetControlEnable("plrigGalleryColumns", TRUE)
			

	

		End select
				
				]]>
		
		</Event_Open>
		<processingCode><![CDATA[
		dim Value, name As String 
		Dim sResult As String
		Dim rowText As String
		Dim intRow As Integer
		Dim bNewColumn As Boolean
		Dim optimizedThumbImage As string
		Dim strGridHeight As String = Input("&plrigGridHeight")

		name=Input("dictVariableName")
		value=Input("dictVariableValue")
		rowText=Input("dictcode")

		
		//object-fit:contain; /* fill is stretch */
  		//height:300px;
		Select Case value
		
		Case "Masonry"
			//default
			sResult = "Masonry"
			
		
			
			
		Case "Fill"
			sResult = sResult + "object-fit:fill;"
			//sResult = sResult + "height:"+strGridHeight+"px;"
		Case "Contain"
			sResult = sResult + "object-fit:contain;"
			//sResult = sResult + "height:"+strGridHeight+"px;"
		Case "Cover"
			sResult = sResult + "object-fit:cover;"
			//sResult = sResult + "height:"+strGridHeight+"px;"
		Case "Scale Down"
			sResult = sResult + "object-fit:scale-down;"
			//sResult = sResult + "height:"+strGridHeight+"px;"
		Case "Actual Size"
			sResult = sResult + "object-fit:none;"
			//sResult = sResult + "height:"+strGridHeight+"px;"
		End Select
		
		
		rowtext = rowText.replaceall("{!-plrigGalleryStyle-!}",sResult)
		print rowtext
		
		]]></processingCode>
		
		
	</option> 
	
	<option>
  		<optionName>plrigGalleryColumns</optionName>
  		<displayName>Max Columns:</displayName>
  		<defaultValue>4</defaultValue>
  		<optionDescription>2|3|4|5</optionDescription>
  		<controlType>3</controlType>
		<ControlWidth>100</ControlWidth>
		<Value>**N/A**</Value>  
		 <processingCode><![CDATA[
		dim Value, name As String 
		Dim sResult As String
		Dim rowText As String
		Dim intRow As Integer
		Dim bNewColumn As Boolean
		Dim optimizedThumbImage As string
		name=Input("dictVariableName")
		value=Input("dictVariableValue")
		rowText=Input("dictcode")
	
		Dim intMaxColumnCount As Integer = Val(Value)
	
	
		sResult = str(100/intMaxColumnCount) +"%"
		
		
		//set the shadow and border
		Dim strFinalImageDecoration As String
	
	
		Dim bExists as Boolean
		Dim hasShadow As String = XSGetShapeProperty("optionShadow",bExists)
		Dim strCSSShadowCode As String
	
		if hasShadow = "TRUE" then
			strFinalImageDecoration = strFinalImageDecoration + XSGetShapeShadowCSS()
		
		End
	
	


	
		//stroke settings
	
		Dim hasBorder As String = XSGetShapeProperty("optionStrokeOption", bExists)
	
		if hasBorder = "1" then
			//there is a stroke color
			//border: 5px solid blue;
			strFinalImageDecoration = strFinalImageDecoration + XSGetShapeBorderCSS()
		End
	
		//always replace our Shadow Code
		rowtext = rowText.replaceall("{--IMAGE-SHADOW--}",strFinalImageDecoration)
		
		
		
		print rowText.replace("{!-"+name+"-!}",sResult)
		//print rowtext
		]]></processingCode>  
  	</option>
	
	 <option>
  		<optionName>plrigMinImageWidth</optionName>
  		<displayName>Minimum Width:</displayName>
  		<defaultValue>200</defaultValue>
  		<optionDescription>Specify a minimum image width</optionDescription>
  		<controlType>2</controlType>
  		<maxValue>1000</maxValue>
  		<minValue>0</minValue>
  		 <controlType>1</controlType>
		<textFieldMaxLength>4</textFieldMaxLength>
		<controlMask>####</controlMask>
		<Value>**N/A**</Value>  
  		<ControlWidth>100</ControlWidth>
		
  		
  	</option>
    
	<option>
    	<displayName>Assets List</displayName>
    	<optionName>plytAssetsList</optionName>
    	<optionDescription>Show related videos</optionDescription>
    	<resourceFilter>1</resourceFilter>
    	<listType>Assets</listType>
    	<controlType>8</controlType>
    	<height>500</height>
    	<maxValue>200</maxValue>
    	
    	<processingCode><![CDATA[
    	Dim strGalleryStyle As String = Input("&plrigGalleryStyle")
		Dim rowText As String
		rowText=Input("dictcode")
		Dim sResult As String 
			
		if strGalleryStyle = "Masonry" then
			
		
			
			Dim intColumns As Integer
			Dim intTotalImageCount As Integer
		
			Dim sTotalImagesData As String = Input("&plytAssetsList")
		
			intTotalImageCount = XSAssetListGetRowCount(sTotalImagesData)
			if intTotalImageCount < 7 then
				intColumns = 2
			Else
				intColumns = 4
			End
		
			//create the proper CSS  for this style;
		
			if intColumns > 2 then
				sResult = sResult + "div#ew-responsive-image-gallery_{!-SHAPEINDEX-!} .column {" + Chr(13)
				sResult = sResult + "-ms-flex: 25%;" + chr(13)
				sResult = sResult + "flex: 25%;" + chr(13)
				sResult = sResult + "max-width: 25%;" + chr(13)
				sResult = sResult + "}" + chr(13)
			end
	
			
			if intColumns > 2 then
				sResult = sResult + "@media screen and (max-width: 800px) {" + chr(13)
			End
			sResult = sResult + "div#ew-responsive-image-gallery_{!-SHAPEINDEX-!} .column {" + chr(13)
			sResult = sResult + "-ms-flex: 50%;" + chr(13)
			sResult = sResult + "flex: 50%;" + chr(13)
			sResult = sResult + "max-width: 50%;" + chr(13)
			sResult = sResult + "}" + chr(13)
		
			if intColumns > 2 then
				sResult = sResult + "}" + chr(13)
			end
			
			
			sResult = sResult + "@media screen and (max-width: 600px) {" + chr(13)
			sResult = sResult + "div#ew-responsive-image-gallery_{!-SHAPEINDEX-!} .column {" + chr(13)
			sResult = sResult + "-ms-flex: 100%;" + chr(13)
			sResult = sResult + "flex: 100%;" + chr(13)
			sResult = sResult + "max-width: 100%;" + chr(13)
			sResult = sResult + "}" + chr(13)
			sResult = sResult + "}" + chr(13)
	

		
			
			
		End
		
		//always return someting
		print rowText.replace("{!-plgrMasonryStyleInfo-!}",sResult)
		
    	
    	]]></processingCode>
    	<processingRowCode><![CDATA[
			
dim Value, name As String 
Dim sResult As String
Dim rowText As String
Dim intRow As Integer
Dim bNewColumn As Boolean
Dim optimizedThumbImage As string
name=Input("dictVariableName")
value=Input("dictVariableValue")
rowText=Input("dictcode")
intRow = Val(Input("dictlistRow"))

Dim sImageCaption As String = Input("&plrigImageCaption")
Dim intImageMaxWidth As Integer = Val(Input("&plrigImageMaxWidth"))
Dim strDoSlideShowOnClick As String = Input("&plrigClickToOpenSlideshow")

optimizedThumbImage = Input("&plrigThumbnailImage")

//escape quotations for the caption so it works properly
//sImageCaption = Replace(sImageCaption, """", "\""")


// we need our number of images so we know how many images to put in each column
Dim intTotalImageCount As Integer
Dim intTotalImageColumns As Integer 
Dim strGalleryStyle As String = Input("&plrigGalleryStyle")




Dim sTotalImagesData As String = Input("&plytAssetsList")
intTotalImageCount = XSAssetListGetRowCount(sTotalImagesData)

Dim ItemsPerColumn As Integer
// Calculate the number of items per column



if strGalleryStyle <> "Masonry" then
	intTotalImageColumns = Val(Input("&plrigGalleryColumns"))
	//fix the column count just in case
	if intTotalImageColumns < 1 or intTotalImageColumns > 5 then
		intTotalImageColumns = 4
	End
Else
	//Masonry can't set the number of columns so always give it 4
	
	
	if intTotalImageCount < 7 then
		intTotalImageColumns = 2
	Else
		intTotalImageColumns = 4
	End
End

	
ItemsPerColumn = Round(intTotalImageCount/intTotalImageColumns)

intRow = intRow - 1

//sResult=sResult + "<!--Per column:" + Str(ItemsPerColumn) + "--!>"

//sResult=sResult + "<!--Row In Section" + Str(intRow mod ItemsPerColumn) + "--!>"
//sResult=sResult + "<!--Row:" + Str(introw) + "--!>"

//sResult=sResult + "<!--Row:" + strGalleryStyle + "--!>"
if strGalleryStyle = "Masonry" then
	if intRow mod ItemsPerColumn = 0 then
		bNewColumn = True
	End
	if intRow = 0 then
		// first column, start a column
		sResult=sResult + "<div class=""column"">"
	Elseif bNewColumn then

		sResult=sResult + "</div>"
		sResult=sResult + "<div class=""column"">"
	Else

		//if we are the last row, we need to end our column
	End
Else
	//none Masonry styles need the row div
	sResult = sResult + "<div class=""row"">"
End

sResult = sResult + "<div class=""rig-img-container"">"

if strDoSlideShowOnClick = "TRUE" then
	sResult = sResult + "<a class=""ewi-item{!-SHAPEINDEX-!}"" href=""[!-ASSETPATH-!]"" data-sub-html="".ew-caption"">"
End


if optimizedThumbImage ="" then

	sResult = sResult + "<img src=""[!-ASSETPATH-!]"""
Else
	sResult = sResult + "<img data-imguuid="""+optimizedThumbImage+""" src=""{!-plrigThumbnailImage-!}"""
	
End


sResult = sResult + " width=""100%"""

if intImageMaxWidth > 0 then
	sResult = sResult + " style=""max-width:" + Str(intImageMaxWidth) + "px"""

End 


 

 
 

sResult = sResult + "/>"

if sImageCaption.lenb > 0 then

	sResult = sResult + "<div class=""ew-caption"">"
	sResult = sResult + "<p class=""ew-caption-settings-{!-SHAPEINDEX-!}"">" + sImageCaption + "</p>"
	sResult = sResult + "</div>"

Else

	sResult = sResult + "<div class=""ew-caption"">"
	sResult = sResult + "<p>&nbsp</p>"
	sResult = sResult + "</div>"
 
 end if


       


if strDoSlideShowOnClick = "TRUE" then
	sResult = sResult + "</a>"
End

sResult = sResult + "</div>"

if strGalleryStyle = "Masonry" then
	//column code if we are doing Masonry
	if bNewColumn = FALSE then
		//we don't need to create a new column, but it is out last row
		if intRow = intTotalImageCount then
			sResult=sResult + "</div>"
		End
	End
Else
	//non masonry styles need the ending div for the row
	sResult=sResult + "</div>"
End

print sResult//rowText.replace("{!-"+name+"-!}",sResult)


			]]></processingRowCode>  
    	
    	
    	
    	
    	  <rowTags>
  		    <options>
 
			  
  				<option>
				  <displayName>Caption</displayName>
				  <optionName>plrigImageCaption</optionName>
				  <defaultValue></defaultValue>
				  <optionDescription>Enter a caption for this image</optionDescription>
				  <controlType>6</controlType>
			  </option>
			  
			  	<option>
				  <displayName>Maximum Width</displayName>
				  <optionName>plrigImageMaxWidth</optionName>
				  <defaultValue></defaultValue>
				  <optionDescription>Enter the maximum width for this image or enter 0 for no Max width</optionDescription>
					<maxValue>9999</maxValue>
					<minValue>0</minValue>
					 <controlType>1</controlType>
					<textFieldMaxLength>4</textFieldMaxLength>
					<controlMask>####</controlMask>
					<Value>**N/A**</Value>  
					<ControlWidth>100</ControlWidth>
			  </option>
			  
			  	<option>
					<optionName>plrigThumbnailImage</optionName>
					<displayName>Optimized Thumbnail</displayName>
					<resourceFilter>1</resourceFilter>
					<optionDescription>Optimized Thumbnail</optionDescription>
					<controlType>9</controlType>
					<value>**N/A**</value>
				</option>


		     </options>
		  </rowTags>
    	
    	
    	
    </option>
    
   
  	
  	  	 <option>
			  <displayName>Sep</displayName>
			  <optionName>plriSlideShowSeparator</optionName>
			  <defaultValue></defaultValue>
			  <controlType>12</controlType>	 
		</option>
		
	<option>
		<displayName>Slide Show Settings</displayName>
		<value><![CDATA[Slide Show Settings]]></value>
  		<isBold>TRUE</isBold>
  		<ControlWidth>255</ControlWidth>
		<optionName>plriSlideShowLabel</optionName>
		<defaultValue>Slide Show Settings</defaultValue>
		<controlType>7</controlType>	  
	</option>
	
	
	  <option>
  		<optionName>plrigClickToOpenSlideshow</optionName>
  		<displayName>Click to Open SlideShow</displayName>
  		<defaultValue>TRUE</defaultValue>
  		<optionDescription>Click to open Slide show</optionDescription>
  		<controlType>4</controlType>
  		<ControlWidth>200</ControlWidth>
  		<value>**N/A**</value>
  		
  		 <Event_Action><![CDATA[
  		  Dim bValue As String = Input("$value")
  		  
  		  if bValue = "FALSE" Then
  		  
  			SetControlEnable("plrigAutoPlay", False)
  			SetControlEnable("plrigSlideShowSpeed", False)

			SetControlEnable("plrigTransition", False)
			SetControlEnable("plrigTransitionSpeed", False)
			SetControlEnable("plrigShowImageNav", False)
			SetControlEnable("plrigShowThumbnails", False)
			SetControlEnable("plrigShowCounter", False)
			
			SetControlEnable("plrigShowShowShare", False)
			SetControlEnable("plrigShowDownload", False)
		Else
			SetControlEnable("plrigAutoPlay", True)
  			SetControlEnable("plrigSlideShowSpeed", True)

			SetControlEnable("plrigTransition", True)
			SetControlEnable("plrigTransitionSpeed", True)
			SetControlEnable("plrigShowImageNav", True)
			SetControlEnable("plrigShowThumbnails", True)
			SetControlEnable("plrigShowCounter", True)
			
			SetControlEnable("plrigShowShowShare", True)
			SetControlEnable("plrigShowDownload", True)
		
		End
  		 
  		 ]]></Event_Action>
  		 
  		 <Event_Open><![CDATA[
  		  Dim bValue As String = GetControlPropertyValue("plrigClickToOpenSlideshow","value")
  		  
  		  if bValue = "FALSE" Then
  		  
  			SetControlEnable("plrigAutoPlay", False)
  			SetControlEnable("plrigSlideShowSpeed", False)

			SetControlEnable("plrigTransition", False)
			SetControlEnable("plrigTransitionSpeed", False)
			SetControlEnable("plrigShowImageNav", False)
			SetControlEnable("plrigShowThumbnails", False)
			SetControlEnable("plrigShowCounter", False)
			
			SetControlEnable("plrigShowShowShare", False)
			SetControlEnable("plrigShowDownload", False)
		Else
			SetControlEnable("plrigAutoPlay", True)
  			SetControlEnable("plrigSlideShowSpeed", True)

			SetControlEnable("plrigTransition", True)
			SetControlEnable("plrigTransitionSpeed", True)
			SetControlEnable("plrigShowImageNav", True)
			SetControlEnable("plrigShowThumbnails", True)
			SetControlEnable("plrigShowCounter", True)
			
			SetControlEnable("plrigShowShowShare", True)
			SetControlEnable("plrigShowDownload", True)
		
		End
  		 
  		 ]]></Event_Open>
  		
  		
  	</option>	
   		
  	
  	<option>
  		<optionName>plrigAutoPlay</optionName>
  		<displayName>Auto Play Slideshow</displayName>
  		<defaultValue>TRUE</defaultValue>
  		<optionDescription>Start slide show immediately</optionDescription>
  		<controlType>4</controlType>
  		<ControlWidth>200</ControlWidth>
  		<value>**N/A**</value>
  			 <processingCode><![CDATA[
					dim Value, name As String 
					Dim rowText As String
					name=Input("dictVariableName")
					value=Input("dictVariableValue")
					rowText=Input("dictcode")
					//remove any spaces
					value = value.trim
					value = value.lowercase

					rowtext = rowText.replaceall("{!-"+name+"-!}",value)

					print rowText

					]]></processingCode>  
  		
  	</option>
  	
  	<option>
  		<optionName>plrigSlideShowSpeed</optionName>
  		<displayName>Slideshow Speed:</displayName>
  		<defaultValue>4000</defaultValue>
  		<optionDescription>Speed of each slide</optionDescription>
  		<controlType>2</controlType>
  		<onNewline>TRUE</onNewline>
  		<ControlWidth>250</ControlWidth>
  		<maxValue>10000</maxValue>
  		<minValue>500</minValue>
  		<value>**N/A**</value>
  	</option>
  	
  	
  	
  	
  	<option>
  		<optionName>plrigTransition</optionName>
  		<displayName>Transition:</displayName>
  		<defaultValue>fade</defaultValue>
  		<optionDescription>fade|rotate|skew|slide|slide-circular|zoom-in</optionDescription>
  		<controlType>3</controlType>
  		<ControlWidth>150</ControlWidth>
  		<value>**N/A**</value>
  	</option>
  	

  	<option>
  		<optionName>plrigTransitionSpeed</optionName>
  		<displayName>Transition Speed:</displayName>
  		<defaultValue>500</defaultValue>
  		<optionDescription>Speed of each transition</optionDescription>
  		<controlType>2</controlType>
  		<onNewline>TRUE</onNewline>
  		<ControlWidth>250</ControlWidth>
  		<maxValue>3000</maxValue>
  		<value>**N/A**</value>
  	</option>
  	
  	
  	
  	 <option>
			  <displayName>Sep</displayName>
			  <optionName>plrigSlideShowSeparator</optionName>
			  <defaultValue></defaultValue>
			  <controlType>12</controlType>
			  
	</option>
	
	<option>
			  <displayName>Slide Show Appearance</displayName>
			  <optionName>plrigAppearanceLabel</optionName>
			  <defaultValue></defaultValue>
			  <controlType>7</controlType>
			  <controlWidth>200</controlWidth>
			  <isBold>TRUE</isBold>
			  <value><![CDATA[Slide Show Appearance]]></value>"
  			<defaultValue><![CDATA[Slide Show Appearance]]></defaultValue>
	</option>
	
	<option>
  		<optionName>plrigShowImageNav</optionName>
  		<displayName>Show Navigation Arrows</displayName>
  		<defaultValue>TRUE</defaultValue>
  		<optionDescription>Allow visitor to click images to browse through them</optionDescription>
  		<controlType>4</controlType>
  		<ControlWidth>200</ControlWidth>
  		<value>**N/A**</value>
  		 <processingCode><![CDATA[
					dim Value, name As String 
					Dim rowText As String
					name=Input("dictVariableName")
					value=Input("dictVariableValue")
					rowText=Input("dictcode")
					//remove any spaces
					value = value.trim
					value = value.lowercase

					rowtext = rowText.replaceall("{!-"+name+"-!}",value)

					print rowText

					]]></processingCode>  
  		
  	</option>
   
	
	 <option>
  		<optionName>plrigShowThumbnails</optionName>
  		<displayName>Show Thumbnails</displayName>
  		<defaultValue>FALSE</defaultValue>
  		<optionDescription>Whether to show thumbnails or not</optionDescription>
  		<controlType>4</controlType>
  		<ControlWidth>200</ControlWidth>
  		<value>**N/A**</value>
  		 <processingCode><![CDATA[
					dim Value, name As String 
					Dim rowText As String
					name=Input("dictVariableName")
					value=Input("dictVariableValue")
					rowText=Input("dictcode")
					//remove any spaces
					value = value.trim
					value = value.lowercase

					rowtext = rowText.replaceall("{!-"+name+"-!}",value)

					print rowText

					]]></processingCode>  
  		 
  	</option>
  	

  	<option>
  		<optionName>plrigShowCounter</optionName>
  		<displayName>Show Image Counter</displayName>
  		<defaultValue>FALSE</defaultValue>
  		<optionDescription>Show the current and number of images</optionDescription>
  		<controlType>4</controlType>
  		<ControlWidth>200</ControlWidth>
  		<value>**N/A**</value>
  		 <processingCode><![CDATA[
					dim Value, name As String 
					Dim rowText As String
					name=Input("dictVariableName")
					value=Input("dictVariableValue")
					rowText=Input("dictcode")
					//remove any spaces
					value = value.trim
					value = value.lowercase

					rowtext = rowText.replaceall("{!-"+name+"-!}",value)

					print rowText

					]]></processingCode>  
  		
  	</option>
  	
  	<option>
  		<optionName>plrigShowDownload</optionName>
  		<displayName>Show Download Button</displayName>
  		<defaultValue>FALSE</defaultValue>
  		<optionDescription>Show the download button in the SlideShow</optionDescription>
  		<controlType>4</controlType>
  		<ControlWidth>200</ControlWidth>
  		<value>**N/A**</value>
  		 <processingCode><![CDATA[
					dim Value, name As String 
					Dim rowText As String
					name=Input("dictVariableName")
					value=Input("dictVariableValue")
					rowText=Input("dictcode")
					//remove any spaces
					value = value.trim
					value = value.lowercase

					rowtext = rowText.replaceall("{!-"+name+"-!}",value)

					print rowText

					]]></processingCode>  
  		
  		
  	</option>
  	
  	<option>
  		<optionName>plrigShowShowShare</optionName>
  		<displayName>Show Social Share Button</displayName>
  		<defaultValue>FALSE</defaultValue>
  		<optionDescription>Show the Social Share Button in the SlideShow</optionDescription>
  		<controlType>4</controlType>
  		<ControlWidth>200</ControlWidth>
  		<value>**N/A**</value>
  			 <processingCode><![CDATA[
					dim Value, name As String 
					Dim rowText As String
					name=Input("dictVariableName")
					value=Input("dictVariableValue")
					rowText=Input("dictcode")
					//remove any spaces
					value = value.trim
					value = value.lowercase

					rowtext = rowText.replaceall("{!-"+name+"-!}",value)

					print rowText

					]]></processingCode>  
  		
  	</option>
  	
  	
  	

  	<!--
  	<option>
  		<optionName>plgsImageCrop</optionName>
  		<displayName>Image Crop:</displayName>
  		<defaultValue>0</defaultValue>
  		<optionDescription>Fill|Fit|Fill Height|Fill Width|Landscape|Portrait</optionDescription>
  		<controlType>3</controlType>
  		<ControlWidth>100</ControlWidth>
  		<value>**N/A**</value>
  	</option>
  	-->
  	

  	
  	
  	<windowOption>
  <help>
  <videoURL>https://www.youtube.com/embed/SFdA3bC7ytU?rel=0
  </videoURL>
  </help>
  
  </windowOption>
  

</options>


</widget>